{
  "chart": {
    "title": "Number of species threatened with extinction",
    "subtitle": "The IUCN Red List has assessed the [extinction risk](#dod:extinction_risk) of only a small share of the total known species in the world. This means the number of species threatened with extinction is likely to be a significant underestimate of the total number of species at risk.",
    "note": "'Threatened' species are those that are categorized as 'Critically endangered', 'Endangered' or 'Vulnerable' on the IUCN Red List.",
    "citation": "International Union for Conservation of Nature Red List of Threatened Species (2024)",
    "originalChartUrl": "https://ourworldindata.org/grapher/number-species-threatened?v=1&csvType=full&useColumnShortNames=false",
    "selection": [
      "Amphibians",
      "Birds",
      "Fishes",
      "Reptiles",
      "Mammals",
      "Corals",
      "Insects",
      "Crustaceans",
      "Arachnids"
    ]
  },
  "columns": {
    "Number of threatened species": {
      "titleShort": "Number of threatened species",
      "titleLong": "Number of threatened species",
      "unit": "species",
      "timespan": "2024-2024",
      "type": "Integer",
      "owidVariableId": 1004693,
      "shortName": "threatened_species",
      "lastUpdated": "2024-12-23",
      "citationShort": "International Union for Conservation of Nature Red List of Threatened Species (2024) – processed by Our World in Data",
      "citationLong": "International Union for Conservation of Nature Red List of Threatened Species (2024) – processed by Our World in Data. “Number of threatened species” [dataset]. International Union for Conservation of Nature, “International Union for Conservation of Nature Red List of Threatened Species” [original data].",
      "fullMetadata": "https://api.ourworldindata.org/v1/indicators/1004693.metadata.json"
    }
  },
  "dateDownloaded": "2025-07-03",
  "activeFilters": {}
}